{"mu": {"0": [[-0.48046448373142064, 1.2204770421199733], [0.7360701898339918, 0.7242845614019906], [0.7840907619764337, 0.6364696508451682]], "1": [[0.7345454713555923, 0.38307936835124534], [0.7634333458262508, 0.7247014481610086], [-0.48102895977178417, 1.2209360315919806]], "2": [[0.7589603463932408, 0.6797694399017236], [-0.6394637166412945, 1.4746035002427047], [-0.32592059965446135, 0.9713359189258466]], "3": [[0.8094747560473963, 0.6047908316826139], [-0.4804892294713191, 1.2205071578887419], [0.733998701126715, 0.7200192713524659]], "4": [[-0.6394637166412945, 1.4746035002427047], [-0.32592059965446135, 0.9713359189258467], [0.7589603463932408, 0.6797694399017236]]}, "cov": {"0": [[0.06143810549471744, -0.024997782759187504, -0.024997782759187504, 0.0814997459336095], [0.026192707682993092, 0.005659091826380849, 0.005659091826380849, 0.028755915958709414], [0.025797239897600466, -0.02013124112276023, -0.02013124112276023, 0.048151165898585806]], "1": [[0.05131186699711391, -0.026374479682924154, -0.026374479682924154, 0.01883228877489364], [0.023110754433358027, -0.006975507686131994, -0.006975507686131994, 0.028368335922627642], [0.06106465465915255, -0.0246776046065813, -0.0246776046065813, 0.08128286576290857]], "2": [[0.02717033282664081, -0.008400412655371194, -0.008400412655371194, 0.04044196297889207], [0.035968049493834434, 0.015492720439464041, 0.015492720439464041, 0.01935184304729688], [0.03604943454335491, 0.014638833823181664, 0.014638833823181664, 0.016291486851490327]], "3": [[0.024381886843710447, -0.021699897797951572, -0.021699897797951572, 0.04981001562952901], [0.06142322287095429, -0.024976574437304118, -0.024976574437304118, 0.08148258768051732], [0.025780832971374294, 0.0016988508638070146, 0.0016988508638070146, 0.03086886790456925]], "4": [[0.035968049493834434, 0.015492720439464041, 0.015492720439464041, 0.01935184304729688], [0.03604943454335492, 0.014638833823181667, 0.014638833823181667, 0.016291486851490324], [0.02717033282664081, -0.008400412655371194, -0.008400412655371194, 0.04044196297889207]]}}